{
  "runtimeOptions": {
    "tfm": "net8.0",
    "framework": {
      "name": "Microsoft.NETCore.App",
      "version": "8.0.0"
    },
    "configProperties": {
      "InstallationFolder": "d:\\boa\\tools\\ApiInspector\\LatestVersion\\",
      "VersionUrl": "\\\\splbtfile\\AR-GE ve Kurumsal Mimari\\BTKurumsalMimari\\ApiInspector\\Version.txt",
      "NewVersionZipFileUrl": "\\\\splbtfile\\AR-GE ve Kurumsal Mimari\\BTKurumsalMimari\\ApiInspector\\ApiInspectorLatestVersion.zip",
      "System.Runtime.Serialization.EnableUnsafeBinaryFormatterSerialization": false
    }
  }
}